"DATE","HOUR","ESP","NIGHT_ID","SITE","DISTANCE","TEMPERATURE","VENT","LUNAR_PHASE","TOTAL_PULSES","TOTAL_NB"
2024-09-27,19,"HYPSAV",1,"LA FARE LES OLIVIERS",150,20,33,"Décroissante",7,1
2024-09-27,19,"PIPKUH",1,"LA FARE LES OLIVIERS",150,20,33,"Décroissante",139,8
2024-09-27,19,"PIPNAT",1,"LA FARE LES OLIVIERS",150,20,33,"Décroissante",103,3
2024-09-27,19,"PIPNAT",1,"LA FARE LES OLIVIERS",300,20,33,"Décroissante",32,1
2024-09-27,20,"PIPKUH",1,"LA FARE LES OLIVIERS",150,19,22,"Décroissante",2731,63
2024-09-27,20,"PIPKUH",1,"LA FARE LES OLIVIERS",300,19,22,"Décroissante",59,3
2024-09-27,20,"PIPKUH",1,"LA FARE LES OLIVIERS",470,19,22,"Décroissante",70,3
2024-09-27,20,"PIPNAT",1,"LA FARE LES OLIVIERS",150,19,22,"Décroissante",1168,26
2024-09-27,20,"PIPPIP",1,"LA FARE LES OLIVIERS",470,19,22,"Décroissante",8,1
2024-09-27,20,"PIPPYG",1,"LA FARE LES OLIVIERS",150,19,22,"Décroissante",34,3
2024-09-27,20,"PIPPYG",1,"LA FARE LES OLIVIERS",300,19,22,"Décroissante",4,1
2024-09-27,20,"TADTEN",1,"LA FARE LES OLIVIERS",150,19,22,"Décroissante",2,1
2024-09-27,21,"NYCLEI",1,"LA FARE LES OLIVIERS",150,19,39,"Décroissante",21,2
2024-09-27,21,"NYCNOC",1,"LA FARE LES OLIVIERS",150,19,39,"Décroissante",2,1
2024-09-27,21,"PIPPYG",1,"LA FARE LES OLIVIERS",150,19,39,"Décroissante",31,3
2024-09-27,21,"PIPPYG",1,"LA FARE LES OLIVIERS",300,19,39,"Décroissante",7,1
2024-09-27,22,"MINSCH",1,"LA FARE LES OLIVIERS",150,18,39,"Décroissante",31,1
2024-09-27,22,"NYCLEI",1,"LA FARE LES OLIVIERS",300,18,39,"Décroissante",6,1
2024-09-27,22,"PIPNAT",1,"LA FARE LES OLIVIERS",150,18,39,"Décroissante",40,2
2024-09-27,22,"PIPPYG",1,"LA FARE LES OLIVIERS",150,18,39,"Décroissante",53,3
2024-09-27,22,"PIPPYG",1,"LA FARE LES OLIVIERS",470,18,39,"Décroissante",4,1
2024-09-27,22,"TADTEN",1,"LA FARE LES OLIVIERS",150,18,39,"Décroissante",3,1
2024-09-27,23,"MINSCH",1,"LA FARE LES OLIVIERS",300,17,35,"Décroissante",15,1
2024-09-27,23,"NYCLEI",1,"LA FARE LES OLIVIERS",300,17,35,"Décroissante",12,2
2024-09-27,23,"PIPNAT",1,"LA FARE LES OLIVIERS",470,17,35,"Décroissante",3,1
2024-09-27,23,"PIPPYG",1,"LA FARE LES OLIVIERS",150,17,35,"Décroissante",20,1
2024-09-27,23,"PIPPYG",1,"LA FARE LES OLIVIERS",300,17,35,"Décroissante",11,1
2024-09-27,23,"TADTEN",1,"LA FARE LES OLIVIERS",150,17,35,"Décroissante",6,1
2024-09-27,23,"TADTEN",1,"LA FARE LES OLIVIERS",300,17,35,"Décroissante",14,1
2024-09-28,0,"NYCLEI",1,"LA FARE LES OLIVIERS",470,17,37,"Décroissante",3,1
2024-09-28,0,"PIPNAT",1,"LA FARE LES OLIVIERS",150,17,37,"Décroissante",17,1
2024-09-28,0,"PIPPYG",1,"LA FARE LES OLIVIERS",150,17,37,"Décroissante",58,3
2024-09-28,0,"TADTEN",1,"LA FARE LES OLIVIERS",470,17,37,"Décroissante",11,1
2024-09-28,1,"MINSCH",1,"LA FARE LES OLIVIERS",150,16,31,"Décroissante",8,1
2024-09-28,1,"MYODAS",1,"LA FARE LES OLIVIERS",150,16,31,"Décroissante",9,1
2024-09-28,1,"TADTEN",1,"LA FARE LES OLIVIERS",300,16,31,"Décroissante",21,1
2024-09-28,2,"MINSCH",1,"LA FARE LES OLIVIERS",150,16,31,"Décroissante",6,1
2024-09-28,2,"PIPKUH",1,"LA FARE LES OLIVIERS",150,16,31,"Décroissante",14,1
2024-09-28,2,"PIPNAT",1,"LA FARE LES OLIVIERS",150,16,31,"Décroissante",17,1
2024-09-28,2,"TADTEN",1,"LA FARE LES OLIVIERS",470,16,31,"Décroissante",17,2
2024-09-28,3,"PLEAUS",1,"LA FARE LES OLIVIERS",150,16,33,"Décroissante",17,1
2024-09-28,3,"TADTEN",1,"LA FARE LES OLIVIERS",470,16,33,"Décroissante",14,2
2024-09-28,4,"TADTEN",1,"LA FARE LES OLIVIERS",150,15,37,"Décroissante",3,1
2024-09-28,5,"PLEAUS",1,"LA FARE LES OLIVIERS",150,15,30,"Décroissante",11,1
2024-09-28,19,"PIPKUH",2,"LA FARE LES OLIVIERS",150,18,50,"Décroissante",6,1
2024-09-28,20,"EPTISA",2,"LA FARE LES OLIVIERS",150,17,42,"Décroissante",4,1
2024-09-28,20,"EPTSER",2,"LA FARE LES OLIVIERS",300,17,42,"Décroissante",5,1
2024-09-28,20,"NYCLEI",2,"LA FARE LES OLIVIERS",150,17,42,"Décroissante",5,1
2024-09-28,20,"PIPKUH",2,"LA FARE LES OLIVIERS",150,17,42,"Décroissante",326,12
2024-09-28,21,"NYCLEI",2,"LA FARE LES OLIVIERS",150,16,42,"Décroissante",2,1
2024-09-28,21,"PIPKUH",2,"LA FARE LES OLIVIERS",300,16,42,"Décroissante",22,1
2024-09-28,22,"NYCLEI",2,"LA FARE LES OLIVIERS",150,16,40,"Décroissante",7,1
2024-09-28,22,"TADTEN",2,"LA FARE LES OLIVIERS",470,16,40,"Décroissante",14,1
2024-09-28,23,"EPTSER",2,"LA FARE LES OLIVIERS",150,15,44,"Décroissante",15,1
2024-09-29,4,"PIPNAT",2,"LA FARE LES OLIVIERS",300,12,20,"Nouvelle Lune",19,1
2024-09-29,4,"TADTEN",2,"LA FARE LES OLIVIERS",150,12,20,"Nouvelle Lune",12,1
2024-09-29,19,"NYCNOC",3,"LA FARE LES OLIVIERS",150,18,11,"Nouvelle Lune",13,1
2024-09-29,19,"PIPKUH",3,"LA FARE LES OLIVIERS",150,18,11,"Nouvelle Lune",208,5
2024-09-29,19,"PIPNAT",3,"LA FARE LES OLIVIERS",150,18,11,"Nouvelle Lune",58,2
2024-09-29,20,"NYCLEI",3,"LA FARE LES OLIVIERS",150,16,5,"Nouvelle Lune",20,3
2024-09-29,20,"NYCLEI",3,"LA FARE LES OLIVIERS",300,16,5,"Nouvelle Lune",17,4
2024-09-29,20,"NYCLEI",3,"LA FARE LES OLIVIERS",470,16,5,"Nouvelle Lune",6,1
2024-09-29,20,"NYCNOC",3,"LA FARE LES OLIVIERS",150,16,5,"Nouvelle Lune",3,1
2024-09-29,20,"NYCNOC",3,"LA FARE LES OLIVIERS",300,16,5,"Nouvelle Lune",6,1
2024-09-29,20,"PIPKUH",3,"LA FARE LES OLIVIERS",150,16,5,"Nouvelle Lune",174,9
2024-09-29,20,"PIPKUH",3,"LA FARE LES OLIVIERS",300,16,5,"Nouvelle Lune",190,7
2024-09-29,20,"PIPKUH",3,"LA FARE LES OLIVIERS",470,16,5,"Nouvelle Lune",35,2
2024-09-29,20,"PIPPIP",3,"LA FARE LES OLIVIERS",470,16,5,"Nouvelle Lune",4,1
2024-09-29,20,"PIPPYG",3,"LA FARE LES OLIVIERS",150,16,5,"Nouvelle Lune",30,1
2024-09-29,20,"PIPPYG",3,"LA FARE LES OLIVIERS",300,16,5,"Nouvelle Lune",17,1
2024-09-29,20,"TADTEN",3,"LA FARE LES OLIVIERS",150,16,5,"Nouvelle Lune",29,2
2024-09-29,20,"TADTEN",3,"LA FARE LES OLIVIERS",300,16,5,"Nouvelle Lune",43,2
2024-09-29,20,"TADTEN",3,"LA FARE LES OLIVIERS",470,16,5,"Nouvelle Lune",34,1
2024-09-29,21,"NYCLEI",3,"LA FARE LES OLIVIERS",300,15,13,"Nouvelle Lune",6,2
2024-09-29,21,"PIPNAT",3,"LA FARE LES OLIVIERS",300,15,13,"Nouvelle Lune",19,1
2024-09-29,21,"PIPPIP",3,"LA FARE LES OLIVIERS",150,15,13,"Nouvelle Lune",16,1
2024-09-29,21,"PIPPYG",3,"LA FARE LES OLIVIERS",150,15,13,"Nouvelle Lune",49,1
2024-09-29,21,"PIPPYG",3,"LA FARE LES OLIVIERS",300,15,13,"Nouvelle Lune",6,1
2024-09-29,21,"PLEAUS",3,"LA FARE LES OLIVIERS",150,15,13,"Nouvelle Lune",10,2
2024-09-29,21,"TADTEN",3,"LA FARE LES OLIVIERS",150,15,13,"Nouvelle Lune",37,5
2024-09-29,21,"TADTEN",3,"LA FARE LES OLIVIERS",300,15,13,"Nouvelle Lune",108,17
2024-09-29,21,"TADTEN",3,"LA FARE LES OLIVIERS",470,15,13,"Nouvelle Lune",71,7
2024-09-29,22,"MINSCH",3,"LA FARE LES OLIVIERS",300,15,7,"Nouvelle Lune",43,1
2024-09-29,22,"PIPPYG",3,"LA FARE LES OLIVIERS",150,15,7,"Nouvelle Lune",86,3
2024-09-29,22,"TADTEN",3,"LA FARE LES OLIVIERS",150,15,7,"Nouvelle Lune",72,7
2024-09-29,22,"TADTEN",3,"LA FARE LES OLIVIERS",300,15,7,"Nouvelle Lune",77,6
2024-09-29,22,"TADTEN",3,"LA FARE LES OLIVIERS",470,15,7,"Nouvelle Lune",57,4
2024-09-29,23,"NYCLEI",3,"LA FARE LES OLIVIERS",150,16,9,"Nouvelle Lune",5,1
2024-09-29,23,"PIPPYG",3,"LA FARE LES OLIVIERS",150,16,9,"Nouvelle Lune",24,2
2024-09-29,23,"TADTEN",3,"LA FARE LES OLIVIERS",150,16,9,"Nouvelle Lune",9,2
2024-09-29,23,"TADTEN",3,"LA FARE LES OLIVIERS",300,16,9,"Nouvelle Lune",4,1
2024-09-29,23,"TADTEN",3,"LA FARE LES OLIVIERS",470,16,9,"Nouvelle Lune",10,1
2024-09-30,0,"NYCLEI",3,"LA FARE LES OLIVIERS",470,15,9,"Nouvelle Lune",4,1
2024-09-30,1,"PIPPYG",3,"LA FARE LES OLIVIERS",150,15,9,"Nouvelle Lune",8,1
2024-09-30,2,"PLEAUS",3,"LA FARE LES OLIVIERS",300,14,4,"Nouvelle Lune",2,1
2024-09-30,2,"TADTEN",3,"LA FARE LES OLIVIERS",150,14,4,"Nouvelle Lune",22,2
2024-09-30,3,"TADTEN",3,"LA FARE LES OLIVIERS",150,14,4,"Nouvelle Lune",34,1
2024-09-30,3,"TADTEN",3,"LA FARE LES OLIVIERS",300,14,4,"Nouvelle Lune",16,1
2024-09-30,5,"RHIFER",3,"LA FARE LES OLIVIERS",470,13,7,"Nouvelle Lune",5,1
2024-09-30,5,"TADTEN",3,"LA FARE LES OLIVIERS",150,13,7,"Nouvelle Lune",19,3
2024-09-30,5,"TADTEN",3,"LA FARE LES OLIVIERS",300,13,7,"Nouvelle Lune",41,1
2024-09-30,6,"PIPKUH",3,"LA FARE LES OLIVIERS",150,15,7,"Nouvelle Lune",5,1
2024-09-30,6,"PIPKUH",3,"LA FARE LES OLIVIERS",300,15,7,"Nouvelle Lune",21,2
2024-09-30,7,"PIPKUH",3,"LA FARE LES OLIVIERS",150,16,9,"Nouvelle Lune",43,1
2024-10-04,19,"PIPKUH",1,"MONTPELLIER",150,18,20,"Nouvelle Lune",6,2
2024-10-04,19,"PIPKUH",1,"MONTPELLIER",300,18,20,"Nouvelle Lune",108,6
2024-10-04,19,"PIPNAT",1,"MONTPELLIER",150,18,20,"Nouvelle Lune",2,1
2024-10-04,19,"PIPPIP",1,"MONTPELLIER",150,18,20,"Nouvelle Lune",32,1
2024-10-04,19,"PIPPIP",1,"MONTPELLIER",300,18,20,"Nouvelle Lune",299,13
2024-10-04,19,"PIPPYG",1,"MONTPELLIER",150,18,20,"Nouvelle Lune",139,4
2024-10-04,19,"PIPPYG",1,"MONTPELLIER",300,18,20,"Nouvelle Lune",125,9
2024-10-04,19,"PIPPYG",1,"MONTPELLIER",470,18,20,"Nouvelle Lune",21,6
2024-10-04,20,"PIPKUH",1,"MONTPELLIER",150,16,16,"Nouvelle Lune",3,1
2024-10-04,20,"PIPNAT",1,"MONTPELLIER",300,16,16,"Nouvelle Lune",21,2
2024-10-04,20,"PIPPIP",1,"MONTPELLIER",300,16,16,"Nouvelle Lune",436,18
2024-10-04,20,"PIPPYG",1,"MONTPELLIER",150,16,16,"Nouvelle Lune",61,5
2024-10-04,20,"PIPPYG",1,"MONTPELLIER",300,16,16,"Nouvelle Lune",7,1
2024-10-04,20,"PLEAUR",1,"MONTPELLIER",150,16,16,"Nouvelle Lune",2,1
2024-10-04,21,"EPTNIL",1,"MONTPELLIER",150,15,15,"Nouvelle Lune",2,1
2024-10-04,21,"NYCLEI",1,"MONTPELLIER",300,15,15,"Nouvelle Lune",10,1
2024-10-04,21,"NYCNOC",1,"MONTPELLIER",300,15,15,"Nouvelle Lune",2,1
2024-10-04,21,"PIPPIP",1,"MONTPELLIER",150,15,15,"Nouvelle Lune",7,1
2024-10-04,21,"TADTEN",1,"MONTPELLIER",300,15,15,"Nouvelle Lune",6,1
2024-10-04,22,"EPTISA",1,"MONTPELLIER",300,14,11,"Nouvelle Lune",3,1
2024-10-04,22,"EPTSER",1,"MONTPELLIER",150,14,11,"Nouvelle Lune",3,1
2024-10-04,22,"MINSCH",1,"MONTPELLIER",300,14,11,"Nouvelle Lune",4,1
2024-10-04,22,"NYCLEI",1,"MONTPELLIER",150,14,11,"Nouvelle Lune",2,1
2024-10-04,22,"NYCLEI",1,"MONTPELLIER",300,13,11,"Nouvelle Lune",8,1
2024-10-04,22,"NYCLEI",1,"MONTPELLIER",300,14,11,"Nouvelle Lune",9,2
2024-10-04,22,"PIPPYG",1,"MONTPELLIER",300,14,11,"Nouvelle Lune",4,1
2024-10-04,23,"NYCLEI",1,"MONTPELLIER",300,13,13,"Nouvelle Lune",19,1
2024-10-04,23,"PIPKUH",1,"MONTPELLIER",300,13,13,"Nouvelle Lune",14,1
2024-10-04,23,"PIPNAT",1,"MONTPELLIER",300,13,13,"Nouvelle Lune",34,1
2024-10-04,23,"PIPNAT",1,"MONTPELLIER",470,13,13,"Nouvelle Lune",2,1
2024-10-05,0,"NYCLAS",1,"MONTPELLIER",150,13,15,"Nouvelle Lune",4,1
2024-10-05,0,"NYCLEI",1,"MONTPELLIER",150,13,15,"Nouvelle Lune",4,1
2024-10-05,0,"NYCLEI",1,"MONTPELLIER",300,13,15,"Nouvelle Lune",2,1
2024-10-05,0,"TADTEN",1,"MONTPELLIER",150,13,15,"Nouvelle Lune",3,1
2024-10-05,1,"NYCLAS",1,"MONTPELLIER",300,12,7,"Nouvelle Lune",18,1
2024-10-05,1,"TADTEN",1,"MONTPELLIER",300,12,7,"Nouvelle Lune",9,1
2024-10-05,2,"NYCLEI",1,"MONTPELLIER",300,12,11,"Nouvelle Lune",3,1
2024-10-05,2,"PIPNAT",1,"MONTPELLIER",150,12,11,"Nouvelle Lune",15,1
2024-10-05,4,"PIPPYG",1,"MONTPELLIER",150,11,9,"Nouvelle Lune",2,1
2024-10-05,7,"TADTEN",1,"MONTPELLIER",300,17,13,"Nouvelle Lune",2,1
2024-10-05,19,"PIPKUH",2,"MONTPELLIER",150,17,13,"Nouvelle Lune",10,1
2024-10-05,19,"PIPKUH",2,"MONTPELLIER",300,17,13,"Nouvelle Lune",9,2
2024-10-05,19,"PIPNAT",2,"MONTPELLIER",300,17,13,"Nouvelle Lune",8,1
2024-10-05,19,"PIPPIP",2,"MONTPELLIER",150,17,13,"Nouvelle Lune",60,4
2024-10-05,19,"PIPPIP",2,"MONTPELLIER",300,17,13,"Nouvelle Lune",219,15
2024-10-05,19,"PIPPIP",2,"MONTPELLIER",470,17,13,"Nouvelle Lune",6,2
2024-10-05,19,"PIPPYG",2,"MONTPELLIER",150,17,13,"Nouvelle Lune",59,7
2024-10-05,19,"PIPPYG",2,"MONTPELLIER",300,17,13,"Nouvelle Lune",33,6
2024-10-05,19,"PIPPYG",2,"MONTPELLIER",470,17,13,"Nouvelle Lune",6,1
2024-10-05,20,"EPTNIL",2,"MONTPELLIER",300,16,11,"Nouvelle Lune",3,1
2024-10-05,20,"NYCLEI",2,"MONTPELLIER",300,16,11,"Nouvelle Lune",2,1
2024-10-05,20,"PIPKUH",2,"MONTPELLIER",150,16,11,"Nouvelle Lune",13,1
2024-10-05,20,"PIPKUH",2,"MONTPELLIER",300,16,11,"Nouvelle Lune",28,2
2024-10-05,20,"PIPPIP",2,"MONTPELLIER",300,16,11,"Nouvelle Lune",165,10
2024-10-05,20,"PIPPYG",2,"MONTPELLIER",150,16,11,"Nouvelle Lune",17,2
2024-10-05,20,"PIPPYG",2,"MONTPELLIER",300,16,11,"Nouvelle Lune",4,1
2024-10-05,20,"TADTEN",2,"MONTPELLIER",300,16,11,"Nouvelle Lune",4,1
2024-10-05,21,"MINSCH",2,"MONTPELLIER",300,15,7,"Nouvelle Lune",6,3
2024-10-05,21,"NYCLAS",2,"MONTPELLIER",300,15,7,"Nouvelle Lune",4,1
2024-10-05,21,"PIPKUH",2,"MONTPELLIER",300,15,7,"Nouvelle Lune",4,1
2024-10-05,21,"PIPPIP",2,"MONTPELLIER",150,15,7,"Nouvelle Lune",15,3
2024-10-05,21,"PIPPIP",2,"MONTPELLIER",300,15,7,"Nouvelle Lune",9,2
2024-10-05,21,"PIPPYG",2,"MONTPELLIER",150,15,7,"Nouvelle Lune",17,4
2024-10-05,21,"PIPPYG",2,"MONTPELLIER",300,15,7,"Nouvelle Lune",8,2
2024-10-05,22,"MINSCH",2,"MONTPELLIER",300,13,7,"Nouvelle Lune",9,1
2024-10-05,22,"NYCLAS",2,"MONTPELLIER",300,13,7,"Nouvelle Lune",14,1
2024-10-05,22,"PIPNAT",2,"MONTPELLIER",300,13,7,"Nouvelle Lune",25,2
2024-10-05,22,"PIPPYG",2,"MONTPELLIER",150,13,7,"Nouvelle Lune",78,10
2024-10-05,22,"PIPPYG",2,"MONTPELLIER",300,13,7,"Nouvelle Lune",18,4
2024-10-05,23,"NYCLEI",2,"MONTPELLIER",150,11,5,"Nouvelle Lune",3,1
2024-10-05,23,"NYCLEI",2,"MONTPELLIER",300,11,5,"Nouvelle Lune",23,1
2024-10-05,23,"NYCLEI",2,"MONTPELLIER",470,11,5,"Nouvelle Lune",2,1
2024-10-05,23,"PIPNAT",2,"MONTPELLIER",300,11,5,"Nouvelle Lune",11,1
2024-10-05,23,"PIPPIP",2,"MONTPELLIER",300,11,5,"Nouvelle Lune",2,1
2024-10-05,23,"PIPPYG",2,"MONTPELLIER",150,11,5,"Nouvelle Lune",2,1
2024-10-05,23,"TADTEN",2,"MONTPELLIER",150,11,5,"Nouvelle Lune",2,1
2024-10-05,23,"TADTEN",2,"MONTPELLIER",300,11,5,"Nouvelle Lune",6,1
2024-10-06,0,"PIPPYG",2,"MONTPELLIER",150,12,7,"Nouvelle Lune",10,2
2024-10-06,0,"PIPPYG",2,"MONTPELLIER",300,12,7,"Nouvelle Lune",4,1
2024-10-06,1,"PIPKUH",2,"MONTPELLIER",300,12,7,"Nouvelle Lune",4,1
2024-10-06,1,"PIPNAT",2,"MONTPELLIER",150,12,7,"Nouvelle Lune",10,1
2024-10-06,1,"TADTEN",2,"MONTPELLIER",150,12,7,"Nouvelle Lune",12,2
2024-10-06,1,"TADTEN",2,"MONTPELLIER",300,12,7,"Nouvelle Lune",4,1
2024-10-06,2,"NYCLAS",2,"MONTPELLIER",150,12,5,"Nouvelle Lune",3,1
2024-10-06,2,"NYCLEI",2,"MONTPELLIER",300,12,5,"Nouvelle Lune",2,1
2024-10-06,2,"PIPNAT",2,"MONTPELLIER",300,12,5,"Nouvelle Lune",8,1
2024-10-06,2,"TADTEN",2,"MONTPELLIER",150,12,5,"Nouvelle Lune",4,1
2024-10-06,2,"TADTEN",2,"MONTPELLIER",300,12,5,"Nouvelle Lune",2,1
2024-10-06,3,"NYCLEI",2,"MONTPELLIER",150,12,9,"Nouvelle Lune",9,2
2024-10-06,4,"NYCLEI",2,"MONTPELLIER",300,13,7,"Nouvelle Lune",4,1
2024-10-06,5,"PLEAUS",2,"MONTPELLIER",300,13,7,"Nouvelle Lune",2,1
2024-10-06,19,"PIPKUH",3,"MONTPELLIER",300,14,17,"Nouvelle Lune",42,3
2024-10-06,19,"PIPNAT",3,"MONTPELLIER",300,14,17,"Nouvelle Lune",15,1
2024-10-06,19,"PIPPIP",3,"MONTPELLIER",150,14,17,"Nouvelle Lune",18,2
2024-10-06,19,"PIPPIP",3,"MONTPELLIER",300,14,17,"Nouvelle Lune",3,1
2024-10-06,19,"PIPPYG",3,"MONTPELLIER",150,14,17,"Nouvelle Lune",27,2
2024-10-06,19,"PIPPYG",3,"MONTPELLIER",300,14,17,"Nouvelle Lune",15,2
2024-10-06,20,"PIPKUH",3,"MONTPELLIER",300,15,17,"Nouvelle Lune",33,1
2024-10-06,20,"PIPNAT",3,"MONTPELLIER",300,15,18,"Nouvelle Lune",2,1
2024-10-06,20,"PIPPIP",3,"MONTPELLIER",150,15,20,"Nouvelle Lune",2,1
2024-10-06,20,"PIPPIP",3,"MONTPELLIER",150,15,21,"Nouvelle Lune",2,1
2024-10-06,20,"PIPPYG",3,"MONTPELLIER",150,15,22,"Nouvelle Lune",4,1
2024-10-06,20,"PLEAUS",3,"MONTPELLIER",300,15,19,"Nouvelle Lune",2,1
2024-10-06,21,"NYCLEI",3,"MONTPELLIER",300,15,13,"Nouvelle Lune",7,1
2024-10-06,21,"PIPPIP",3,"MONTPELLIER",150,15,13,"Nouvelle Lune",16,6
2024-10-06,21,"PIPPYG",3,"MONTPELLIER",300,15,13,"Nouvelle Lune",6,2
2024-10-06,21,"TADTEN",3,"MONTPELLIER",300,15,13,"Nouvelle Lune",3,1
2024-10-06,22,"NYCLEI",3,"MONTPELLIER",470,15,17,"Nouvelle Lune",3,1
2024-10-06,22,"PIPPIP",3,"MONTPELLIER",150,15,17,"Nouvelle Lune",6,2
2024-10-06,22,"PIPPYG",3,"MONTPELLIER",150,15,17,"Nouvelle Lune",15,2
2024-10-06,22,"PIPPYG",3,"MONTPELLIER",470,15,17,"Nouvelle Lune",40,1
2024-10-06,23,"NYCLEI",3,"MONTPELLIER",150,15,15,"Nouvelle Lune",16,2
2024-10-06,23,"NYCLEI",3,"MONTPELLIER",470,15,15,"Nouvelle Lune",2,1
2024-10-06,23,"PIPKUH",3,"MONTPELLIER",150,15,15,"Nouvelle Lune",7,1
2024-10-06,23,"PIPPYG",3,"MONTPELLIER",150,15,15,"Nouvelle Lune",7,1
2024-10-06,23,"TADTEN",3,"MONTPELLIER",150,15,15,"Nouvelle Lune",2,1
2024-10-07,0,"PIPPYG",3,"MONTPELLIER",150,15,13,"Croissante",13,1
2024-10-07,0,"PLEAUR",3,"MONTPELLIER",150,15,13,"Croissante",2,1
2024-10-07,1,"EPTSER",3,"MONTPELLIER",150,15,11,"Croissante",4,1
2024-10-07,1,"NYCLEI",3,"MONTPELLIER",300,15,11,"Croissante",4,1
2024-10-07,1,"NYCLEI",3,"MONTPELLIER",470,15,11,"Croissante",2,1
2024-10-07,1,"PIPNAT",3,"MONTPELLIER",300,15,11,"Croissante",16,1
2024-10-07,1,"PIPPYG",3,"MONTPELLIER",150,15,11,"Croissante",31,3
2024-10-07,1,"PIPPYG",3,"MONTPELLIER",300,15,11,"Croissante",2,1
2024-10-07,1,"TADTEN",3,"MONTPELLIER",150,15,11,"Croissante",5,1
2024-10-07,2,"NYCLEI",3,"MONTPELLIER",150,16,15,"Croissante",6,1
2024-10-07,2,"NYCLEI",3,"MONTPELLIER",300,16,15,"Croissante",3,1
2024-10-07,2,"PIPPIP",3,"MONTPELLIER",150,16,15,"Croissante",63,2
2024-10-07,2,"PIPPYG",3,"MONTPELLIER",300,16,15,"Croissante",14,1
2024-10-07,3,"PIPPIP",3,"MONTPELLIER",150,15,17,"Croissante",83,6
2024-10-07,4,"PIPPIP",3,"MONTPELLIER",470,15,18,"Croissante",40,2
2024-10-07,6,"PIPPYG",3,"MONTPELLIER",300,16,9,"Croissante",44,2
2024-10-11,19,"NYCNOC",1,"MONTPELLIER",150,18,9,"Croissante",35,1
2024-10-11,19,"NYCNOC",1,"MONTPELLIER",300,18,9,"Croissante",13,1
2024-10-11,19,"PIPKUH",1,"MONTPELLIER",150,18,9,"Croissante",257,10
2024-10-11,19,"PIPKUH",1,"MONTPELLIER",300,18,9,"Croissante",49,3
2024-10-11,19,"PIPNAT",1,"MONTPELLIER",150,18,9,"Croissante",31,3
2024-10-11,19,"PIPNAT",1,"MONTPELLIER",300,18,9,"Croissante",7,2
2024-10-11,19,"PIPNAT",1,"MONTPELLIER",470,18,9,"Croissante",14,4
2024-10-11,19,"PIPPIP",1,"MONTPELLIER",150,18,9,"Croissante",213,14
2024-10-11,19,"PIPPIP",1,"MONTPELLIER",300,18,9,"Croissante",788,29
2024-10-11,19,"PIPPIP",1,"MONTPELLIER",470,18,9,"Croissante",4,1
2024-10-11,19,"PIPPYG",1,"MONTPELLIER",150,18,9,"Croissante",115,9
2024-10-11,19,"PIPPYG",1,"MONTPELLIER",300,18,9,"Croissante",42,4
2024-10-11,20,"PIPPIP",1,"MONTPELLIER",150,17,7,"Croissante",15,1
2024-10-11,20,"PIPPIP",1,"MONTPELLIER",300,17,7,"Croissante",615,22
2024-10-11,20,"PIPPYG",1,"MONTPELLIER",150,17,7,"Croissante",83,9
2024-10-11,20,"PIPPYG",1,"MONTPELLIER",300,17,7,"Croissante",25,4
2024-10-11,20,"TADTEN",1,"MONTPELLIER",150,17,7,"Croissante",5,2
2024-10-11,20,"TADTEN",1,"MONTPELLIER",300,17,7,"Croissante",9,1
2024-10-11,21,"MINSCH",1,"MONTPELLIER",300,15,5,"Croissante",4,1
2024-10-11,21,"NYCLAS",1,"MONTPELLIER",300,15,5,"Croissante",13,1
2024-10-11,21,"PIPPIP",1,"MONTPELLIER",150,15,5,"Croissante",36,3
2024-10-11,21,"PIPPYG",1,"MONTPELLIER",150,15,5,"Croissante",4,1
2024-10-11,21,"PIPPYG",1,"MONTPELLIER",300,15,5,"Croissante",37,1
2024-10-11,21,"TADTEN",1,"MONTPELLIER",150,15,5,"Croissante",9,1
2024-10-11,22,"HYPSAV",1,"MONTPELLIER",150,13,11,"Croissante",6,1
2024-10-11,22,"PIPKUH",1,"MONTPELLIER",150,13,11,"Croissante",6,1
2024-10-11,22,"PIPNAT",1,"MONTPELLIER",150,13,11,"Croissante",13,1
2024-10-11,22,"PIPNAT",1,"MONTPELLIER",470,13,11,"Croissante",3,1
2024-10-11,22,"PIPPIP",1,"MONTPELLIER",150,13,11,"Croissante",6,2
2024-10-11,22,"PIPPYG",1,"MONTPELLIER",150,13,11,"Croissante",12,3
2024-10-11,22,"PIPPYG",1,"MONTPELLIER",300,13,11,"Croissante",129,4
2024-10-11,23,"PIPNAT",1,"MONTPELLIER",300,13,5,"Croissante",17,1
2024-10-11,23,"PIPPIP",1,"MONTPELLIER",150,13,5,"Croissante",41,6
2024-10-11,23,"PIPPIP",1,"MONTPELLIER",300,13,5,"Croissante",6,1
2024-10-11,23,"PIPPIP",1,"MONTPELLIER",470,13,5,"Croissante",2,1
2024-10-11,23,"PIPPYG",1,"MONTPELLIER",300,13,5,"Croissante",15,2
2024-10-12,0,"PIPNAT",1,"MONTPELLIER",150,12,9,"Croissante",13,1
2024-10-12,0,"PIPPIP",1,"MONTPELLIER",150,12,9,"Croissante",3,1
2024-10-12,0,"PIPPYG",1,"MONTPELLIER",150,12,9,"Croissante",6,1
2024-10-12,0,"PIPPYG",1,"MONTPELLIER",300,12,9,"Croissante",6,1
2024-10-12,0,"PIPPYG",1,"MONTPELLIER",470,12,9,"Croissante",6,1
2024-10-12,0,"PLEAUS",1,"MONTPELLIER",300,12,9,"Croissante",2,1
2024-10-12,0,"TADTEN",1,"MONTPELLIER",470,12,9,"Croissante",8,1
2024-10-12,1,"PIPKUH",1,"MONTPELLIER",150,11,11,"Croissante",10,1
2024-10-12,1,"PIPNAT",1,"MONTPELLIER",300,11,11,"Croissante",10,1
2024-10-12,1,"PIPPIP",1,"MONTPELLIER",150,11,11,"Croissante",2,1
2024-10-12,1,"PIPPYG",1,"MONTPELLIER",300,11,11,"Croissante",10,2
2024-10-12,2,"PIPKUH",1,"MONTPELLIER",150,11,9,"Croissante",15,1
2024-10-12,2,"PIPNAT",1,"MONTPELLIER",300,11,9,"Croissante",13,1
2024-10-12,2,"TADTEN",1,"MONTPELLIER",150,11,9,"Croissante",8,2
2024-10-12,3,"EPTSER",1,"MONTPELLIER",300,11,15,"Croissante",3,1
2024-10-12,3,"NYCLEI",1,"MONTPELLIER",150,11,15,"Croissante",4,1
2024-10-12,3,"NYCLEI",1,"MONTPELLIER",300,11,15,"Croissante",2,1
2024-10-12,3,"PIPNAT",1,"MONTPELLIER",150,11,15,"Croissante",18,1
2024-10-12,3,"PIPNAT",1,"MONTPELLIER",300,11,15,"Croissante",6,1
2024-10-12,3,"PIPPYG",1,"MONTPELLIER",150,11,15,"Croissante",7,1
2024-10-12,3,"PIPPYG",1,"MONTPELLIER",300,11,15,"Croissante",30,2
2024-10-12,4,"PIPNAT",1,"MONTPELLIER",300,12,13,"Croissante",14,1
2024-10-12,4,"PIPPYG",1,"MONTPELLIER",300,12,13,"Croissante",5,1
2024-10-12,4,"PIPPYG",1,"MONTPELLIER",470,12,13,"Croissante",6,2
2024-10-12,5,"PIPPIP",1,"MONTPELLIER",150,12,17,"Croissante",20,1
2024-10-12,6,"PIPPYG",1,"MONTPELLIER",150,12,18,"Croissante",84,11
2024-10-12,6,"PIPPYG",1,"MONTPELLIER",300,12,18,"Croissante",14,2
2024-10-12,6,"PIPPYG",1,"MONTPELLIER",470,12,18,"Croissante",12,2
2024-10-12,7,"PIPPYG",1,"MONTPELLIER",150,13,13,"Croissante",150,13
2024-10-12,7,"PIPPYG",1,"MONTPELLIER",300,13,13,"Croissante",423,19
2024-10-12,20,"EPTISA",2,"MONTPELLIER",470,19,30,"Croissante",2,1
2024-10-13,1,"NYCLEI",2,"MONTPELLIER",470,17,18,"Croissante",7,1
2024-10-13,7,"TADTEN",2,"MONTPELLIER",300,16,17,"Croissante",4,2
2024-10-13,19,"NYCNOC",3,"MONTPELLIER",150,20,6,"Croissante",34,1
2024-10-13,19,"PIPKUH",3,"MONTPELLIER",150,20,6,"Croissante",402,13
2024-10-13,19,"PIPKUH",3,"MONTPELLIER",300,20,6,"Croissante",45,4
2024-10-13,19,"PIPNAT",3,"MONTPELLIER",150,20,6,"Croissante",113,5
2024-10-13,19,"PIPNAT",3,"MONTPELLIER",300,20,6,"Croissante",87,3
2024-10-13,19,"PIPPIP",3,"MONTPELLIER",150,20,6,"Croissante",332,13
2024-10-13,19,"PIPPIP",3,"MONTPELLIER",300,20,6,"Croissante",357,17
2024-10-13,19,"PIPPIP",3,"MONTPELLIER",470,20,6,"Croissante",10,4
2024-10-13,19,"PIPPYG",3,"MONTPELLIER",150,20,6,"Croissante",107,5
2024-10-13,19,"PIPPYG",3,"MONTPELLIER",300,20,6,"Croissante",15,2
2024-10-13,20,"PIPKUH",3,"MONTPELLIER",150,18,5,"Croissante",9,1
2024-10-13,20,"PIPKUH",3,"MONTPELLIER",300,18,5,"Croissante",5,1
2024-10-13,20,"PIPNAT",3,"MONTPELLIER",470,18,5,"Croissante",9,1
2024-10-13,20,"PIPPIP",3,"MONTPELLIER",150,18,5,"Croissante",7,2
2024-10-13,20,"PIPPIP",3,"MONTPELLIER",300,18,5,"Croissante",139,8
2024-10-13,20,"PIPPYG",3,"MONTPELLIER",150,18,5,"Croissante",343,8
2024-10-13,20,"PIPPYG",3,"MONTPELLIER",300,18,5,"Croissante",24,3
2024-10-13,20,"TADTEN",3,"MONTPELLIER",150,18,5,"Croissante",3,1
2024-10-13,20,"TADTEN",3,"MONTPELLIER",300,18,5,"Croissante",3,1
2024-10-13,21,"HYPSAV",3,"MONTPELLIER",300,17,5,"Croissante",10,1
2024-10-13,21,"NYCLEI",3,"MONTPELLIER",470,17,5,"Croissante",2,1
2024-10-13,21,"PIPNAT",3,"MONTPELLIER",150,17,5,"Croissante",20,1
2024-10-13,21,"PIPNAT",3,"MONTPELLIER",300,17,5,"Croissante",17,2
2024-10-13,21,"PIPPIP",3,"MONTPELLIER",150,17,5,"Croissante",95,6
2024-10-13,21,"PIPPIP",3,"MONTPELLIER",300,17,5,"Croissante",2,1
2024-10-13,21,"PIPPYG",3,"MONTPELLIER",150,17,5,"Croissante",796,17
2024-10-13,21,"PIPPYG",3,"MONTPELLIER",300,17,5,"Croissante",7,1
2024-10-13,21,"PLEAUS",3,"MONTPELLIER",300,17,5,"Croissante",3,1
2024-10-13,22,"NYCLEI",3,"MONTPELLIER",150,17,3,"Croissante",7,1
2024-10-13,22,"NYCLEI",3,"MONTPELLIER",470,17,3,"Croissante",3,1
2024-10-13,22,"PIPKUH",3,"MONTPELLIER",300,17,3,"Croissante",2,1
2024-10-13,22,"PIPPIP",3,"MONTPELLIER",150,17,3,"Croissante",81,5
2024-10-13,22,"PIPPIP",3,"MONTPELLIER",300,17,3,"Croissante",5,1
2024-10-13,22,"PIPPYG",3,"MONTPELLIER",150,17,3,"Croissante",220,19
2024-10-13,22,"PIPPYG",3,"MONTPELLIER",300,17,3,"Croissante",38,5
2024-10-13,22,"TADTEN",3,"MONTPELLIER",150,17,3,"Croissante",10,2
2024-10-13,22,"TADTEN",3,"MONTPELLIER",300,17,3,"Croissante",4,2
2024-10-13,23,"NYCLEI",3,"MONTPELLIER",150,16,5,"Croissante",39,1
2024-10-13,23,"PIPKUH",3,"MONTPELLIER",150,16,5,"Croissante",13,1
2024-10-13,23,"PIPPIP",3,"MONTPELLIER",150,16,5,"Croissante",28,3
2024-10-13,23,"PIPPYG",3,"MONTPELLIER",150,16,5,"Croissante",38,8
2024-10-13,23,"PIPPYG",3,"MONTPELLIER",150,17,3,"Croissante",4,1
2024-10-13,23,"PIPPYG",3,"MONTPELLIER",300,16,5,"Croissante",35,3
2024-10-13,23,"PLEAUS",3,"MONTPELLIER",150,16,5,"Croissante",9,1
2024-10-13,23,"PLEAUS",3,"MONTPELLIER",300,16,5,"Croissante",7,1
2024-10-13,23,"TADTEN",3,"MONTPELLIER",150,16,5,"Croissante",5,1
2024-10-13,23,"TADTEN",3,"MONTPELLIER",300,16,5,"Croissante",3,1
2024-10-14,0,"NYCLAS",3,"MONTPELLIER",150,15,0,"Pleine Lune",2,1
2024-10-14,0,"NYCLAS",3,"MONTPELLIER",470,15,0,"Pleine Lune",2,1
2024-10-14,0,"NYCLEI",3,"MONTPELLIER",150,15,0,"Pleine Lune",4,1
2024-10-14,0,"NYCLEI",3,"MONTPELLIER",300,15,0,"Pleine Lune",18,2
2024-10-14,0,"PIPPIP",3,"MONTPELLIER",150,15,0,"Pleine Lune",31,6
2024-10-14,0,"PIPPIP",3,"MONTPELLIER",300,15,0,"Pleine Lune",9,1
2024-10-14,0,"PIPPYG",3,"MONTPELLIER",150,15,0,"Pleine Lune",48,4
2024-10-14,0,"PIPPYG",3,"MONTPELLIER",300,15,0,"Pleine Lune",47,2
2024-10-14,0,"TADTEN",3,"MONTPELLIER",300,15,0,"Pleine Lune",24,1
2024-10-14,1,"NYCLAS",3,"MONTPELLIER",300,15,4,"Pleine Lune",3,1
2024-10-14,1,"NYCLEI",3,"MONTPELLIER",300,15,4,"Pleine Lune",11,2
2024-10-14,1,"PIPPIP",3,"MONTPELLIER",150,15,4,"Pleine Lune",34,7
2024-10-14,1,"PIPPYG",3,"MONTPELLIER",150,15,4,"Pleine Lune",44,4
2024-10-14,1,"PIPPYG",3,"MONTPELLIER",470,15,4,"Pleine Lune",10,1
2024-10-14,2,"HYPSAV",3,"MONTPELLIER",470,15,6,"Pleine Lune",2,1
2024-10-14,2,"NYCLEI",3,"MONTPELLIER",150,15,6,"Pleine Lune",16,1
2024-10-14,2,"PIPPIP",3,"MONTPELLIER",150,15,6,"Pleine Lune",187,30
2024-10-14,2,"PIPPYG",3,"MONTPELLIER",150,15,6,"Pleine Lune",7,1
2024-10-14,2,"PIPPYG",3,"MONTPELLIER",300,15,6,"Pleine Lune",4,1
2024-10-14,2,"PLEAUS",3,"MONTPELLIER",300,15,6,"Pleine Lune",3,1
2024-10-14,2,"TADTEN",3,"MONTPELLIER",150,15,6,"Pleine Lune",15,2
2024-10-14,2,"TADTEN",3,"MONTPELLIER",300,15,6,"Pleine Lune",22,3
2024-10-14,3,"NYCLEI",3,"MONTPELLIER",300,16,0,"Pleine Lune",2,1
2024-10-14,3,"NYCNOC",3,"MONTPELLIER",150,16,0,"Pleine Lune",2,1
2024-10-14,3,"PIPKUH",3,"MONTPELLIER",150,16,0,"Pleine Lune",97,11
2024-10-14,3,"PIPPIP",3,"MONTPELLIER",150,16,0,"Pleine Lune",162,23
2024-10-14,3,"PIPPIP",3,"MONTPELLIER",300,16,0,"Pleine Lune",37,1
2024-10-14,3,"PIPPYG",3,"MONTPELLIER",300,16,0,"Pleine Lune",2,1
2024-10-14,3,"TADTEN",3,"MONTPELLIER",150,16,0,"Pleine Lune",3,1
2024-10-14,3,"TADTEN",3,"MONTPELLIER",300,16,0,"Pleine Lune",19,2
2024-10-14,4,"NYCNOC",3,"MONTPELLIER",470,15,2,"Pleine Lune",2,1
2024-10-14,4,"PIPPIP",3,"MONTPELLIER",150,15,2,"Pleine Lune",114,13
2024-10-14,4,"PIPPYG",3,"MONTPELLIER",150,15,2,"Pleine Lune",18,3
2024-10-14,4,"PIPPYG",3,"MONTPELLIER",300,15,2,"Pleine Lune",9,1
2024-10-14,5,"PIPPIP",3,"MONTPELLIER",150,15,0,"Pleine Lune",166,28
2024-10-14,5,"PIPPYG",3,"MONTPELLIER",150,15,0,"Pleine Lune",4,1
2024-10-14,6,"NYCLEI",3,"MONTPELLIER",300,15,6,"Pleine Lune",6,1
2024-10-14,6,"PIPPIP",3,"MONTPELLIER",300,15,6,"Pleine Lune",19,1
2024-10-14,6,"PIPPYG",3,"MONTPELLIER",150,15,6,"Pleine Lune",3,1
2024-10-14,7,"PIPPYG",3,"MONTPELLIER",150,16,4,"Pleine Lune",517,29
2024-10-14,7,"PIPPYG",3,"MONTPELLIER",300,16,4,"Pleine Lune",12,2
2024-10-14,7,"TADTEN",3,"MONTPELLIER",150,16,4,"Pleine Lune",5,2
2024-10-18,19,"HYPSAV",1,"LA FARE LES OLIVIERS",300,17,9,"Pleine Lune",28,2
2024-10-18,19,"NYCLEI",1,"LA FARE LES OLIVIERS",150,17,9,"Pleine Lune",3,1
2024-10-18,19,"PIPKUH",1,"LA FARE LES OLIVIER",470,17,9,"Pleine Lune",343,13
2024-10-18,19,"PIPKUH",1,"LA FARE LES OLIVIERS",150,17,9,"Pleine Lune",30,1
2024-10-18,19,"PIPKUH",1,"LA FARE LES OLIVIERS",300,17,9,"Pleine Lune",10,2
2024-10-18,19,"PIPNAT",1,"LA FARE LES OLIVIER",470,17,9,"Pleine Lune",104,4
2024-10-18,19,"PIPNAT",1,"LA FARE LES OLIVIERS",150,17,9,"Pleine Lune",7,1
2024-10-18,19,"PIPPIP",1,"LA FARE LES OLIVIER",470,17,9,"Pleine Lune",27,1
2024-10-18,19,"TADTEN",1,"LA FARE LES OLIVIERS",300,17,9,"Pleine Lune",2,1
2024-10-18,20,"MINSCH",1,"LA FARE LES OLIVIERS",150,15,11,"Pleine Lune",42,2
2024-10-18,20,"NYCLAS",1,"LA FARE LES OLIVIERS",150,15,11,"Pleine Lune",13,1
2024-10-18,20,"PIPKUH",1,"LA FARE LES OLIVIER",470,15,11,"Pleine Lune",15,1
2024-10-18,20,"PIPNAT",1,"LA FARE LES OLIVIER",470,15,11,"Pleine Lune",24,2
2024-10-18,20,"PIPPIP",1,"LA FARE LES OLIVIER",470,15,11,"Pleine Lune",24,2
2024-10-18,20,"PIPPIP",1,"LA FARE LES OLIVIERS",150,15,11,"Pleine Lune",10,2
2024-10-18,20,"PIPPYG",1,"LA FARE LES OLIVIER",470,15,11,"Pleine Lune",13,1
2024-10-18,21,"HYPSAV",1,"LA FARE LES OLIVIERS",300,15,11,"Pleine Lune",3,1
2024-10-18,21,"MINSCH",1,"LA FARE LES OLIVIERS",150,15,11,"Pleine Lune",12,1
2024-10-18,21,"PIPPIP",1,"LA FARE LES OLIVIER",470,15,11,"Pleine Lune",57,2
2024-10-18,21,"PIPPYG",1,"LA FARE LES OLIVIER",470,15,11,"Pleine Lune",102,6
2024-10-18,21,"PLEAUS",1,"LA FARE LES OLIVIER",470,15,11,"Pleine Lune",13,1
2024-10-18,22,"MINSCH",1,"LA FARE LES OLIVIERS",150,14,9,"Pleine Lune",21,1
2024-10-18,22,"PIPKUH",1,"LA FARE LES OLIVIER",470,14,9,"Pleine Lune",10,1
2024-10-18,22,"PIPPIP",1,"LA FARE LES OLIVIER",470,14,9,"Pleine Lune",56,3
2024-10-18,22,"PIPPIP",1,"LA FARE LES OLIVIERS",150,14,9,"Pleine Lune",4,1
2024-10-18,22,"PIPPYG",1,"LA FARE LES OLIVIER",470,14,9,"Pleine Lune",39,1
2024-10-18,22,"PIPPYG",1,"LA FARE LES OLIVIERS",150,14,9,"Pleine Lune",44,2
2024-10-18,22,"PIPPYG",1,"LA FARE LES OLIVIERS",300,14,9,"Pleine Lune",2,1
2024-10-18,23,"HYPSAV",1,"LA FARE LES OLIVIER",470,14,4,"Pleine Lune",34,1
2024-10-18,23,"MYODAU",1,"LA FARE LES OLIVIERS",150,14,4,"Pleine Lune",35,1
2024-10-18,23,"PIPKUH",1,"LA FARE LES OLIVIER",470,14,4,"Pleine Lune",23,1
2024-10-18,23,"PIPPIP",1,"LA FARE LES OLIVIER",470,14,4,"Pleine Lune",39,1
2024-10-18,23,"PIPPYG",1,"LA FARE LES OLIVIER",470,14,4,"Pleine Lune",11,1
2024-10-18,23,"PIPPYG",1,"LA FARE LES OLIVIERS",150,14,4,"Pleine Lune",3,1
2024-10-19,0,"MINSCH",1,"LA FARE LES OLIVIERS",150,15,5,"Pleine Lune",16,1
2024-10-19,0,"PIPNAT",1,"LA FARE LES OLIVIERS",150,15,5,"Pleine Lune",18,1
2024-10-19,0,"PIPPIP",1,"LA FARE LES OLIVIER",470,15,5,"Pleine Lune",40,2
2024-10-19,0,"PLEAUS",1,"LA FARE LES OLIVIER",470,15,5,"Pleine Lune",30,1
2024-10-19,1,"NYCNOC",1,"LA FARE LES OLIVIER",470,14,4,"Pleine Lune",9,2
2024-10-19,2,"NYCLEI",1,"LA FARE LES OLIVIERS",300,15,4,"Pleine Lune",4,1
2024-10-19,3,"PLEAUS",1,"LA FARE LES OLIVIER",470,15,4,"Pleine Lune",6,1
2024-10-19,5,"NYCLEI",1,"LA FARE LES OLIVIERS",300,14,6,"Pleine Lune",3,1
2024-10-19,5,"NYCNOC",1,"LA FARE LES OLIVIER",470,14,6,"Pleine Lune",3,1
2024-10-19,5,"TADTEN",1,"LA FARE LES OLIVIER",470,14,6,"Pleine Lune",2,1
2024-10-19,7,"PIPKUH",1,"LA FARE LES OLIVIER",470,13,11,"Pleine Lune",47,3
2024-10-19,19,"PIPKUH",2,"LA FARE LES OLIVIER",470,20,19,"Pleine Lune",2099,46
2024-10-19,19,"PIPKUH",2,"LA FARE LES OLIVIERS",150,20,19,"Pleine Lune",24,3
2024-10-19,19,"PIPNAT",2,"LA FARE LES OLIVIER",470,20,19,"Pleine Lune",243,8
2024-10-19,19,"PIPNAT",2,"LA FARE LES OLIVIERS",150,20,19,"Pleine Lune",142,2
2024-10-19,19,"PIPPYG",2,"LA FARE LES OLIVIER",470,20,19,"Pleine Lune",17,1
2024-10-19,19,"PIPPYG",2,"LA FARE LES OLIVIERS",150,20,19,"Pleine Lune",14,1
2024-10-19,20,"HYPSAV",2,"LA FARE LES OLIVIER",470,18,11,"Pleine Lune",4,1
2024-10-19,20,"MINSCH",2,"LA FARE LES OLIVIERS",150,18,11,"Pleine Lune",10,2
2024-10-19,20,"PIPKUH",2,"LA FARE LES OLIVIER",470,18,11,"Pleine Lune",3643,71
2024-10-19,20,"PIPKUH",2,"LA FARE LES OLIVIERS",150,18,11,"Pleine Lune",173,6
2024-10-19,20,"PIPKUH",2,"LA FARE LES OLIVIERS",300,18,11,"Pleine Lune",12,2
2024-10-19,20,"PIPNAT",2,"LA FARE LES OLIVIER",470,18,11,"Pleine Lune",464,8
2024-10-19,20,"PIPPIP",2,"LA FARE LES OLIVIER",470,18,11,"Pleine Lune",119,6
2024-10-19,20,"PIPPIP",2,"LA FARE LES OLIVIERS",150,18,11,"Pleine Lune",2,1
2024-10-19,20,"PIPPIP",2,"LA FARE LES OLIVIERS",300,18,11,"Pleine Lune",3,1
2024-10-19,20,"PIPPYG",2,"LA FARE LES OLIVIER",470,18,11,"Pleine Lune",105,3
2024-10-19,20,"PIPPYG",2,"LA FARE LES OLIVIERS",150,18,11,"Pleine Lune",22,2
2024-10-19,21,"EPTISA",2,"LA FARE LES OLIVIERS",300,18,7,"Pleine Lune",6,1
2024-10-19,21,"MINSCH",2,"LA FARE LES OLIVIER",470,18,7,"Pleine Lune",12,2
2024-10-19,21,"MINSCH",2,"LA FARE LES OLIVIERS",150,18,7,"Pleine Lune",20,1
2024-10-19,21,"NYCLEI",2,"LA FARE LES OLIVIER",470,18,7,"Pleine Lune",2,1
2024-10-19,21,"PIPKUH",2,"LA FARE LES OLIVIER",470,18,7,"Pleine Lune",509,19
2024-10-19,21,"PIPKUH",2,"LA FARE LES OLIVIERS",150,18,7,"Pleine Lune",102,4
2024-10-19,21,"PIPKUH",2,"LA FARE LES OLIVIERS",300,18,7,"Pleine Lune",17,1
2024-10-19,21,"PIPNAT",2,"LA FARE LES OLIVIER",470,18,7,"Pleine Lune",77,3
2024-10-19,21,"PIPPIP",2,"LA FARE LES OLIVIER",470,18,7,"Pleine Lune",282,16
2024-10-19,21,"PIPPIP",2,"LA FARE LES OLIVIERS",150,18,7,"Pleine Lune",7,1
2024-10-19,21,"PIPPIP",2,"LA FARE LES OLIVIERS",300,18,7,"Pleine Lune",21,2
2024-10-19,21,"PIPPYG",2,"LA FARE LES OLIVIER",470,18,7,"Pleine Lune",100,4
2024-10-19,21,"PIPPYG",2,"LA FARE LES OLIVIERS",150,18,7,"Pleine Lune",28,1
2024-10-19,21,"PIPPYG",2,"LA FARE LES OLIVIERS",300,18,7,"Pleine Lune",7,2
2024-10-19,22,"EPTNIL",2,"LA FARE LES OLIVIERS",300,17,11,"Pleine Lune",2,1
2024-10-19,22,"HYPSAV",2,"LA FARE LES OLIVIER",470,17,11,"Pleine Lune",26,1
2024-10-19,22,"MINSCH",2,"LA FARE LES OLIVIER",470,17,11,"Pleine Lune",53,3
2024-10-19,22,"MINSCH",2,"LA FARE LES OLIVIERS",150,17,11,"Pleine Lune",20,2
2024-10-19,22,"PIPKUH",2,"LA FARE LES OLIVIER",470,17,11,"Pleine Lune",1073,40
2024-10-19,22,"PIPKUH",2,"LA FARE LES OLIVIERS",150,17,11,"Pleine Lune",82,2
2024-10-19,22,"PIPNAT",2,"LA FARE LES OLIVIERS",150,17,11,"Pleine Lune",12,1
2024-10-19,22,"PIPPIP",2,"LA FARE LES OLIVIER",470,17,11,"Pleine Lune",233,14
2024-10-19,22,"PIPPIP",2,"LA FARE LES OLIVIERS",150,17,11,"Pleine Lune",43,4
2024-10-19,22,"PIPPYG",2,"LA FARE LES OLIVIER",470,17,11,"Pleine Lune",101,7
2024-10-19,22,"PIPPYG",2,"LA FARE LES OLIVIERS",150,17,11,"Pleine Lune",51,4
2024-10-19,22,"PIPPYG",2,"LA FARE LES OLIVIERS",300,17,11,"Pleine Lune",22,4
2024-10-19,22,"PLEAUS",2,"LA FARE LES OLIVIER",470,17,11,"Pleine Lune",30,1
2024-10-19,22,"TADTEN",2,"LA FARE LES OLIVIERS",150,17,11,"Pleine Lune",11,1
2024-10-19,23,"EPTISA",2,"LA FARE LES OLIVIERS",300,17,15,"Pleine Lune",2,1
2024-10-19,23,"MINSCH",2,"LA FARE LES OLIVIERS",150,17,15,"Pleine Lune",9,1
2024-10-19,23,"MYODAS",2,"LA FARE LES OLIVIERS",150,17,15,"Pleine Lune",2,1
2024-10-19,23,"NYCLEI",2,"LA FARE LES OLIVIER",470,17,15,"Pleine Lune",3,1
2024-10-19,23,"PIPKUH",2,"LA FARE LES OLIVIER",470,17,15,"Pleine Lune",168,7
2024-10-19,23,"PIPKUH",2,"LA FARE LES OLIVIERS",150,17,15,"Pleine Lune",25,2
2024-10-19,23,"PIPPIP",2,"LA FARE LES OLIVIER",470,17,15,"Pleine Lune",31,1
2024-10-19,23,"PIPPIP",2,"LA FARE LES OLIVIERS",150,17,15,"Pleine Lune",2,1
2024-10-19,23,"PIPPIP",2,"LA FARE LES OLIVIERS",300,17,15,"Pleine Lune",15,2
2024-10-19,23,"PIPPYG",2,"LA FARE LES OLIVIER",470,17,15,"Pleine Lune",8,1
2024-10-19,23,"PLEAUS",2,"LA FARE LES OLIVIER",470,17,15,"Pleine Lune",30,2
2024-10-20,0,"HYPSAV",2,"LA FARE LES OLIVIER",470,17,13,"Pleine Lune",27,1
2024-10-20,0,"NYCLEI",2,"LA FARE LES OLIVIER",470,17,13,"Pleine Lune",10,3
2024-10-20,0,"NYCLEI",2,"LA FARE LES OLIVIERS",150,17,13,"Pleine Lune",3,1
2024-10-20,0,"PIPNAT",2,"LA FARE LES OLIVIER",470,17,13,"Pleine Lune",6,1
2024-10-20,0,"PIPNAT",2,"LA FARE LES OLIVIERS",300,17,13,"Pleine Lune",4,1
2024-10-20,0,"PIPPIP",2,"LA FARE LES OLIVIERS",150,17,13,"Pleine Lune",51,2
2024-10-20,0,"PIPPYG",2,"LA FARE LES OLIVIER",470,17,13,"Pleine Lune",134,5
2024-10-20,0,"PIPPYG",2,"LA FARE LES OLIVIERS",150,17,13,"Pleine Lune",10,1
2024-10-20,0,"PLEAUS",2,"LA FARE LES OLIVIER",470,17,13,"Pleine Lune",68,3
2024-10-20,0,"TADTEN",2,"LA FARE LES OLIVIER",470,17,13,"Pleine Lune",16,1
2024-10-20,0,"TADTEN",2,"LA FARE LES OLIVIERS",150,17,13,"Pleine Lune",46,1
2024-10-20,1,"MINSCH",2,"LA FARE LES OLIVIER",470,17,17,"Pleine Lune",9,1
2024-10-20,1,"NYCLEI",2,"LA FARE LES OLIVIERS",150,17,17,"Pleine Lune",4,2
2024-10-20,1,"PIPKUH",2,"LA FARE LES OLIVIER",470,17,17,"Pleine Lune",29,1
2024-10-20,1,"PIPKUH",2,"LA FARE LES OLIVIERS",150,17,17,"Pleine Lune",25,1
2024-10-20,1,"PIPNAT",2,"LA FARE LES OLIVIER",470,17,17,"Pleine Lune",15,1
2024-10-20,1,"PIPNAT",2,"LA FARE LES OLIVIERS",150,17,17,"Pleine Lune",24,2
2024-10-20,1,"PIPPYG",2,"LA FARE LES OLIVIER",470,17,17,"Pleine Lune",60,5
2024-10-20,1,"PIPPYG",2,"LA FARE LES OLIVIERS",150,17,17,"Pleine Lune",58,1
2024-10-20,2,"MINSCH",2,"LA FARE LES OLIVIERS",150,15,6,"Pleine Lune",10,1
2024-10-20,2,"NYCLEI",2,"LA FARE LES OLIVIER",470,15,6,"Pleine Lune",10,1
2024-10-20,2,"NYCLEI",2,"LA FARE LES OLIVIERS",150,15,6,"Pleine Lune",2,1
2024-10-20,2,"PIPKUH",2,"LA FARE LES OLIVIERS",150,15,6,"Pleine Lune",13,1
2024-10-20,2,"PIPKUH",2,"LA FARE LES OLIVIERS",300,15,6,"Pleine Lune",2,1
2024-10-20,2,"TADTEN",2,"LA FARE LES OLIVIER",470,15,6,"Pleine Lune",2,1
2024-10-20,3,"PIPKUH",2,"LA FARE LES OLIVIER",470,14,4,"Pleine Lune",13,1
2024-10-20,3,"PIPNAT",2,"LA FARE LES OLIVIER",470,14,4,"Pleine Lune",25,1
2024-10-20,4,"PIPPYG",2,"LA FARE LES OLIVIER",470,14,9,"Pleine Lune",21,1
2024-10-20,4,"PLEAUS",2,"LA FARE LES OLIVIER",470,14,9,"Pleine Lune",2,1
2024-10-20,4,"TADTEN",2,"LA FARE LES OLIVIER",470,14,9,"Pleine Lune",4,2
2024-10-20,4,"TADTEN",2,"LA FARE LES OLIVIERS",150,14,9,"Pleine Lune",2,1
2024-10-20,5,"MINSCH",2,"LA FARE LES OLIVIER",470,12,6,"Pleine Lune",11,1
2024-10-20,5,"PIPKUH",2,"LA FARE LES OLIVIER",470,12,6,"Pleine Lune",5,1
2024-10-20,5,"PLEAUS",2,"LA FARE LES OLIVIER",470,12,6,"Pleine Lune",10,1
2024-10-20,7,"PIPKUH",2,"LA FARE LES OLIVIER",470,13,9,"Pleine Lune",141,11
2024-10-20,18,"HYPSAV",3,"LA FARE LES OLIVIER",470,23,9,"Pleine Lune",9,2
2024-10-20,19,"HYPSAV",3,"LA FARE LES OLIVIER",470,20,4,"Pleine Lune",12,3
2024-10-20,19,"HYPSAV",3,"LA FARE LES OLIVIERS",150,20,4,"Pleine Lune",7,1
2024-10-20,19,"NYCNOC",3,"LA FARE LES OLIVIERS",150,20,4,"Pleine Lune",4,1
2024-10-20,19,"PIPKUH",3,"LA FARE LES OLIVIER",470,20,4,"Pleine Lune",1099,46
2024-10-20,19,"PIPKUH",3,"LA FARE LES OLIVIERS",150,20,4,"Pleine Lune",158,3
2024-10-20,19,"PIPKUH",3,"LA FARE LES OLIVIERS",300,20,4,"Pleine Lune",6,2
2024-10-20,19,"PIPNAT",3,"LA FARE LES OLIVIER",470,20,4,"Pleine Lune",580,35
2024-10-20,19,"PIPNAT",3,"LA FARE LES OLIVIERS",150,20,4,"Pleine Lune",3,1
2024-10-20,19,"PIPPYG",3,"LA FARE LES OLIVIER",470,20,4,"Pleine Lune",28,3
2024-10-20,20,"MINSCH",3,"LA FARE LES OLIVIER",470,19,6,"Pleine Lune",2,1
2024-10-20,20,"NYCLEI",3,"LA FARE LES OLIVIERS",150,19,6,"Pleine Lune",2,1
2024-10-20,20,"PIPKUH",3,"LA FARE LES OLIVIER",470,19,6,"Pleine Lune",1144,28
2024-10-20,20,"PIPKUH",3,"LA FARE LES OLIVIERS",150,19,6,"Pleine Lune",37,1
2024-10-20,20,"PIPKUH",3,"LA FARE LES OLIVIERS",300,19,6,"Pleine Lune",10,2
2024-10-20,20,"PIPNAT",3,"LA FARE LES OLIVIER",470,19,6,"Pleine Lune",1003,46
2024-10-20,20,"PIPPIP",3,"LA FARE LES OLIVIER",470,19,6,"Pleine Lune",172,3
2024-10-20,20,"PIPPIP",3,"LA FARE LES OLIVIERS",300,19,6,"Pleine Lune",17,1
2024-10-20,20,"PIPPYG",3,"LA FARE LES OLIVIER",470,19,6,"Pleine Lune",166,9
2024-10-20,20,"PIPPYG",3,"LA FARE LES OLIVIERS",150,19,6,"Pleine Lune",73,3
2024-10-20,20,"PLEAUS",3,"LA FARE LES OLIVIER",470,19,6,"Pleine Lune",17,1
2024-10-20,20,"TADTEN",3,"LA FARE LES OLIVIER",470,19,6,"Pleine Lune",8,4
2024-10-20,20,"TADTEN",3,"LA FARE LES OLIVIERS",150,19,6,"Pleine Lune",4,2
2024-10-20,20,"TADTEN",3,"LA FARE LES OLIVIERS",300,19,6,"Pleine Lune",6,1
2024-10-20,21,"HYPSAV",3,"LA FARE LES OLIVIER",470,17,11,"Pleine Lune",4,1
2024-10-20,21,"MINSCH",3,"LA FARE LES OLIVIERS",150,17,11,"Pleine Lune",14,2
2024-10-20,21,"PIPKUH",3,"LA FARE LES OLIVIER",470,17,11,"Pleine Lune",406,24
2024-10-20,21,"PIPKUH",3,"LA FARE LES OLIVIERS",150,17,11,"Pleine Lune",3,1
2024-10-20,21,"PIPKUH",3,"LA FARE LES OLIVIERS",300,17,11,"Pleine Lune",3,1
2024-10-20,21,"PIPNAT",3,"LA FARE LES OLIVIERS",150,17,11,"Pleine Lune",9,1
2024-10-20,21,"PIPPIP",3,"LA FARE LES OLIVIER",470,17,11,"Pleine Lune",2,1
2024-10-20,21,"PIPPIP",3,"LA FARE LES OLIVIERS",150,17,11,"Pleine Lune",16,1
2024-10-20,21,"PIPPYG",3,"LA FARE LES OLIVIER",470,17,11,"Pleine Lune",88,6
2024-10-20,21,"PIPPYG",3,"LA FARE LES OLIVIERS",150,17,11,"Pleine Lune",77,3
2024-10-20,21,"PIPPYG",3,"LA FARE LES OLIVIERS",300,17,11,"Pleine Lune",4,1
2024-10-20,21,"PLEAUS",3,"LA FARE LES OLIVIERS",150,17,11,"Pleine Lune",6,1
2024-10-20,21,"TADTEN",3,"LA FARE LES OLIVIER",470,17,11,"Pleine Lune",10,3
2024-10-20,21,"TADTEN",3,"LA FARE LES OLIVIERS",150,17,11,"Pleine Lune",3,1
2024-10-20,22,"EPTNIL",3,"LA FARE LES OLIVIER",470,17,0,"Pleine Lune",4,1
2024-10-20,22,"MINSCH",3,"LA FARE LES OLIVIER",470,17,0,"Pleine Lune",23,2
2024-10-20,22,"MINSCH",3,"LA FARE LES OLIVIERS",150,17,0,"Pleine Lune",43,2
2024-10-20,22,"NYCLEI",3,"LA FARE LES OLIVIERS",150,17,0,"Pleine Lune",4,1
2024-10-20,22,"PIPKUH",3,"LA FARE LES OLIVIER",470,17,0,"Pleine Lune",50,1
2024-10-20,22,"PIPPIP",3,"LA FARE LES OLIVIER",470,17,0,"Pleine Lune",47,1
2024-10-20,22,"PIPPIP",3,"LA FARE LES OLIVIERS",150,17,0,"Pleine Lune",37,1
2024-10-20,22,"PIPPYG",3,"LA FARE LES OLIVIER",470,17,0,"Pleine Lune",52,4
2024-10-20,22,"PIPPYG",3,"LA FARE LES OLIVIERS",150,17,0,"Pleine Lune",171,4
2024-10-20,22,"PIPPYG",3,"LA FARE LES OLIVIERS",300,17,0,"Pleine Lune",20,2
2024-10-20,22,"TADTEN",3,"LA FARE LES OLIVIERS",150,17,0,"Pleine Lune",12,5
2024-10-20,22,"TADTEN",3,"LA FARE LES OLIVIERS",300,17,0,"Pleine Lune",16,6
2024-10-20,23,"MINSCH",3,"LA FARE LES OLIVIER",470,17,11,"Pleine Lune",7,1
2024-10-20,23,"MINSCH",3,"LA FARE LES OLIVIERS",150,17,11,"Pleine Lune",13,1
2024-10-20,23,"NYCLEI",3,"LA FARE LES OLIVIERS",300,17,11,"Pleine Lune",3,1
2024-10-20,23,"PIPKUH",3,"LA FARE LES OLIVIER",470,17,11,"Pleine Lune",39,2
2024-10-20,23,"PIPPIP",3,"LA FARE LES OLIVIER",470,17,11,"Pleine Lune",41,1
2024-10-20,23,"PIPPYG",3,"LA FARE LES OLIVIER",470,17,11,"Pleine Lune",99,5
2024-10-20,23,"PIPPYG",3,"LA FARE LES OLIVIERS",150,17,11,"Pleine Lune",11,1
2024-10-20,23,"PIPPYG",3,"LA FARE LES OLIVIERS",300,17,11,"Pleine Lune",11,1
2024-10-20,23,"PLEAUS",3,"LA FARE LES OLIVIER",470,17,11,"Pleine Lune",6,1
2024-10-20,23,"TADTEN",3,"LA FARE LES OLIVIERS",150,17,11,"Pleine Lune",4,1
2024-10-21,0,"MINSCH",3,"LA FARE LES OLIVIER",470,16,7,"Décroissante",46,5
2024-10-21,0,"PIPPYG",3,"LA FARE LES OLIVIER",470,16,7,"Décroissante",233,12
2024-10-21,0,"PIPPYG",3,"LA FARE LES OLIVIERS",150,16,7,"Décroissante",10,1
2024-10-21,0,"PLEAUS",3,"LA FARE LES OLIVIERS",150,16,7,"Décroissante",4,1
2024-10-21,1,"HYPSAV",3,"LA FARE LES OLIVIER",470,16,6,"Décroissante",5,1
2024-10-21,1,"MINSCH",3,"LA FARE LES OLIVIER",470,16,6,"Décroissante",25,3
2024-10-21,1,"PIPPYG",3,"LA FARE LES OLIVIER",470,16,6,"Décroissante",87,5
2024-10-21,1,"PIPPYG",3,"LA FARE LES OLIVIERS",150,16,6,"Décroissante",18,1
2024-10-21,2,"NYCLEI",3,"LA FARE LES OLIVIER",470,15,6,"Décroissante",2,1
2024-10-21,2,"NYCLEI",3,"LA FARE LES OLIVIERS",150,15,6,"Décroissante",9,2
2024-10-21,2,"PIPKUH",3,"LA FARE LES OLIVIER",470,15,6,"Décroissante",2,1
2024-10-21,2,"PIPNAT",3,"LA FARE LES OLIVIERS",150,15,6,"Décroissante",2,1
2024-10-21,2,"PIPPIP",3,"LA FARE LES OLIVIER",470,15,6,"Décroissante",4,1
2024-10-21,2,"PIPPYG",3,"LA FARE LES OLIVIERS",150,15,6,"Décroissante",44,3
2024-10-21,3,"NYCLEI",3,"LA FARE LES OLIVIERS",150,16,2,"Décroissante",3,1
2024-10-21,3,"PIPPYG",3,"LA FARE LES OLIVIERS",300,16,2,"Décroissante",3,1
2024-10-21,3,"TADTEN",3,"LA FARE LES OLIVIER",470,16,2,"Décroissante",7,1
2024-10-21,4,"HYPSAV",3,"LA FARE LES OLIVIER",470,16,0,"Décroissante",3,1
2024-10-21,4,"PIPPYG",3,"LA FARE LES OLIVIER",470,16,0,"Décroissante",14,1
2024-10-21,4,"PIPPYG",3,"LA FARE LES OLIVIERS",150,16,0,"Décroissante",23,1
2024-10-21,5,"HYPSAV",3,"LA FARE LES OLIVIER",470,16,4,"Décroissante",4,1
2024-10-21,5,"PIPPYG",3,"LA FARE LES OLIVIER",470,16,4,"Décroissante",29,1
2024-10-21,6,"PIPPYG",3,"LA FARE LES OLIVIERS",150,16,7,"Décroissante",26,1
2024-10-21,6,"PIPPYG",3,"LA FARE LES OLIVIERS",300,16,7,"Décroissante",2,1
2024-10-21,7,"PIPKUH",3,"LA FARE LES OLIVIER",470,17,2,"Décroissante",686,13
2024-10-21,7,"PIPKUH",3,"LA FARE LES OLIVIERS",150,17,2,"Décroissante",15,3
2024-10-21,7,"PIPNAT",3,"LA FARE LES OLIVIER",470,17,2,"Décroissante",143,4
2024-10-21,7,"PIPPYG",3,"LA FARE LES OLIVIER",470,17,2,"Décroissante",60,2
2024-10-21,7,"TADTEN",3,"LA FARE LES OLIVIERS",300,17,2,"Décroissante",4,2
2024-11-08,17,"PIPPIP",1,"MONTPELLIER",150,18,9,"Croissante",70,2
2024-11-08,17,"PIPPIP",1,"MONTPELLIER",300,18,9,"Croissante",23,4
2024-11-08,17,"PIPPYG",1,"MONTPELLIER",150,18,9,"Croissante",23,6
2024-11-08,17,"PIPPYG",1,"MONTPELLIER",300,18,9,"Croissante",12,3
2024-11-08,17,"TADTEN",1,"MONTPELLIER",300,18,9,"Croissante",5,1
2024-11-08,17,"TADTEN",1,"MONTPELLIER",470,18,9,"Croissante",2,1
2024-11-08,18,"MINSCH",1,"MONTPELLIER",300,16,7,"Croissante",6,2
2024-11-08,18,"PIPKUH",1,"MONTPELLIER",150,16,7,"Croissante",146,4
2024-11-08,18,"PIPKUH",1,"MONTPELLIER",300,16,7,"Croissante",31,2
2024-11-08,18,"PIPKUH",1,"MONTPELLIER",470,16,7,"Croissante",4,1
2024-11-08,18,"PIPNAT",1,"MONTPELLIER",300,16,7,"Croissante",13,1
2024-11-08,18,"PIPNAT",1,"MONTPELLIER",470,16,7,"Croissante",3,1
2024-11-08,18,"PIPPIP",1,"MONTPELLIER",150,16,7,"Croissante",142,15
2024-11-08,18,"PIPPIP",1,"MONTPELLIER",300,16,7,"Croissante",2053,58
2024-11-08,18,"PIPPIP",1,"MONTPELLIER",470,16,7,"Croissante",24,7
2024-11-08,18,"PIPPYG",1,"MONTPELLIER",150,16,7,"Croissante",434,49
2024-11-08,18,"PIPPYG",1,"MONTPELLIER",300,16,7,"Croissante",109,11
2024-11-08,18,"PLEAUR",1,"MONTPELLIER",150,16,7,"Croissante",2,1
2024-11-08,18,"TADTEN",1,"MONTPELLIER",150,16,7,"Croissante",2,1
2024-11-08,18,"TADTEN",1,"MONTPELLIER",470,16,7,"Croissante",3,1
2024-11-08,19,"PIPPIP",1,"MONTPELLIER",150,16,11,"Croissante",173,8
2024-11-08,19,"PIPPYG",1,"MONTPELLIER",150,16,11,"Croissante",34,6
2024-11-08,19,"PIPPYG",1,"MONTPELLIER",300,16,11,"Croissante",23,3
2024-11-08,19,"TADTEN",1,"MONTPELLIER",300,16,11,"Croissante",3,1
2024-11-08,19,"TADTEN",1,"MONTPELLIER",470,16,11,"Croissante",3,1
2024-11-08,20,"NYCLAS",1,"MONTPELLIER",470,16,13,"Croissante",5,1
2024-11-08,20,"PIPKUH",1,"MONTPELLIER",150,16,13,"Croissante",9,1
2024-11-08,20,"PIPNAT",1,"MONTPELLIER",300,16,13,"Croissante",9,1
2024-11-08,20,"PIPPIP",1,"MONTPELLIER",300,16,13,"Croissante",189,6
2024-11-08,22,"PIPKUH",1,"MONTPELLIER",150,16,13,"Croissante",10,1
2024-11-09,0,"VESMUR",1,"MONTPELLIER",300,16,19,"Croissante",2,1
2024-11-09,1,"MINSCH",1,"MONTPELLIER",300,16,19,"Croissante",14,1
2024-11-10,17,"NYCLAS",3,"MONTPELLIER",150,19,7,"Croissante",6,1
2024-11-10,17,"PIPKUH",3,"MONTPELLIER",150,19,7,"Croissante",16,2
2024-11-10,17,"PIPPIP",3,"MONTPELLIER",150,19,7,"Croissante",7,3
2024-11-10,17,"PIPPYG",3,"MONTPELLIER",150,19,7,"Croissante",5,1
2024-11-10,18,"MINSCH",3,"MONTPELLIER",150,16,5,"Croissante",214,7
2024-11-10,18,"NYCLAS",3,"MONTPELLIER",150,16,5,"Croissante",8,1
2024-11-10,18,"NYCLEI",3,"MONTPELLIER",150,16,5,"Croissante",46,1
2024-11-10,18,"PIPKUH",3,"MONTPELLIER",150,16,5,"Croissante",77,3
2024-11-10,18,"PIPKUH",3,"MONTPELLIER",470,16,5,"Croissante",5,1
2024-11-10,18,"PIPNAT",3,"MONTPELLIER",150,16,5,"Croissante",22,3
2024-11-10,18,"PIPNAT",3,"MONTPELLIER",470,16,5,"Croissante",3,1
2024-11-10,18,"PIPPIP",3,"MONTPELLIER",150,16,5,"Croissante",478,26
2024-11-10,18,"PIPPIP",3,"MONTPELLIER",470,16,5,"Croissante",46,9
2024-11-10,18,"PIPPYG",3,"MONTPELLIER",150,16,5,"Croissante",589,28
2024-11-10,18,"PLEAUR",3,"MONTPELLIER",150,16,5,"Croissante",4,1
2024-11-10,18,"TADTEN",3,"MONTPELLIER",470,16,5,"Croissante",3,1
2024-11-10,19,"MINSCH",3,"MONTPELLIER",150,15,11,"Croissante",43,2
2024-11-10,19,"PIPKUH",3,"MONTPELLIER",150,15,11,"Croissante",11,1
2024-11-10,19,"PIPPIP",3,"MONTPELLIER",150,15,11,"Croissante",353,46
2024-11-10,19,"PIPPIP",3,"MONTPELLIER",470,15,11,"Croissante",9,3
2024-11-10,19,"PIPPYG",3,"MONTPELLIER",150,15,11,"Croissante",658,52
2024-11-10,20,"MINSCH",3,"MONTPELLIER",150,16,11,"Croissante",2,1
2024-11-10,20,"PIPKUH",3,"MONTPELLIER",150,16,11,"Croissante",27,1
2024-11-10,20,"PIPNAT",3,"MONTPELLIER",150,16,11,"Croissante",7,1
2024-11-10,20,"PIPPIP",3,"MONTPELLIER",150,16,11,"Croissante",1061,54
2024-11-10,20,"PIPPIP",3,"MONTPELLIER",470,16,11,"Croissante",19,1
2024-11-10,20,"PIPPYG",3,"MONTPELLIER",150,16,11,"Croissante",917,42
2024-11-10,21,"NYCLAS",3,"MONTPELLIER",150,15,7,"Croissante",2,1
2024-11-10,21,"PIPPIP",3,"MONTPELLIER",150,15,7,"Croissante",2190,116
2024-11-10,21,"PIPPYG",3,"MONTPELLIER",150,15,7,"Croissante",254,14
2024-11-10,22,"PIPPIP",3,"MONTPELLIER",150,12,5,"Croissante",1724,107
2024-11-10,22,"PIPPYG",3,"MONTPELLIER",150,12,5,"Croissante",70,3
2024-11-10,22,"TADTEN",3,"MONTPELLIER",470,12,5,"Croissante",2,1
2024-11-10,23,"NYCLAS",3,"MONTPELLIER",150,11,4,"Croissante",2,1
2024-11-10,23,"PIPKUH",3,"MONTPELLIER",150,11,4,"Croissante",15,1
2024-11-10,23,"PIPNAT",3,"MONTPELLIER",150,11,4,"Croissante",20,1
2024-11-10,23,"PIPPIP",3,"MONTPELLIER",150,11,4,"Croissante",512,52
2024-11-11,0,"PIPPIP",3,"MONTPELLIER",150,12,7,"Croissante",29,4
2024-11-11,0,"PIPPYG",3,"MONTPELLIER",150,12,7,"Croissante",28,4
2024-11-11,1,"PIPPIP",3,"MONTPELLIER",150,12,9,"Croissante",12,2
2024-11-11,1,"PIPPYG",3,"MONTPELLIER",150,12,9,"Croissante",8,1
2024-11-11,2,"PIPPYG",3,"MONTPELLIER",150,10,6,"Croissante",3,1
2024-11-11,6,"PIPPIP",3,"MONTPELLIER",150,9,13,"Croissante",4,1
2024-11-11,6,"PIPPYG",3,"MONTPELLIER",150,9,13,"Croissante",89,11
2024-11-11,7,"PIPPYG",3,"MONTPELLIER",150,8,11,"Croissante",85,8
